round,winner,loser,winner_old_rating,loser_old_rating,winner_new_rating,loser_new_rating
1,fold_specific_learning_rates,fold_then_relu,1400,1400,1416.0,1384.0
2,fold_specific_learning_rates,learnable_folding_function,1416.0,1400,1431.263693206478,1384.736306793522
3,fold_specific_learning_rates,multiple_hyperplanes,1431.263693206478,1400,1445.8278203282016,1385.4358728782763
4,fold_specific_learning_rates,selective_folding_with_gating,1445.8278203282016,1400,1459.729526119354,1386.0982942088476
5,fold_specific_learning_rates,input_dependent_hyperplane,1459.729526119354,1400,1473.00566158348,1386.7238645358739
6,fold_specific_learning_rates,affine_prefolding,1473.00566158348,1400,1485.692249845601,1387.313411737879
7,batchnorm_aware_softfold,fold_specific_learning_rates,1400,1485.692249845601,1419.8681539274587,1465.8240959181423
8,spectral_normalized_softfold,fold_specific_learning_rates,1400,1465.8240959181423,1418.995556333329,1446.8285395848134
9,fold_specific_learning_rates,principal_component_alignment,1446.8285395848134,1400,1460.684970372084,1386.1435692127293
10,distance_dependent_folding,fold_specific_learning_rates,1400,1460.684970372084,1418.7665690583474,1441.9184013137367
11,fold_specific_learning_rates,input_dependent_hyperplane_combination,1441.9184013137367,1400,1455.9973001463768,1385.92110116736
12,fold_then_relu,learnable_folding_function,1384.0,1384.736306793522,1400.0339081301693,1368.7023986633528
13,multiple_hyperplanes,fold_then_relu,1385.4358728782763,1400.0339081301693,1402.1077419220667,1383.362039086379
14,fold_then_relu,selective_folding_with_gating,1383.362039086379,1386.0982942088476,1399.4880456863289,1369.9722876088977
15,fold_then_relu,input_dependent_hyperplane,1399.4880456863289,1386.7238645358739,1414.9004977355885,1371.3114124866142
16,fold_then_relu,affine_prefolding,1414.9004977355885,1387.313411737879,1429.6327286497528,1372.5811808237147
17,batchnorm_aware_softfold,fold_then_relu,1419.8681539274587,1429.6327286497528,1436.31771085308,1413.1831717241316
18,spectral_normalized_softfold,fold_then_relu,1418.995556333329,1413.1831717241316,1434.7279110985846,1397.450816958876
19,fold_then_relu,principal_component_alignment,1397.450816958876,1386.1435692127293,1412.9302827217305,1370.6641034498748
20,fold_then_relu,distance_dependent_folding,1412.9302827217305,1418.7665690583474,1429.1990283624295,1402.4978234176483
21,fold_then_relu,input_dependent_hyperplane_combination,1429.1990283624295,1385.92110116736,1443.21625060355,1371.9038789262395
22,learnable_folding_function,multiple_hyperplanes,1368.7023986633528,1402.1077419220667,1386.2360485411537,1384.5740920442659
23,selective_folding_with_gating,learnable_folding_function,1369.9722876088977,1386.2360485411537,1386.7207148927407,1369.4876212573106
24,learnable_folding_function,input_dependent_hyperplane,1369.4876212573106,1371.3114124866142,1385.5716091758272,1355.2274245680976
25,affine_prefolding,learnable_folding_function,1372.5811808237147,1385.5716091758272,1389.1791335428782,1368.9736564566638
26,batchnorm_aware_softfold,learnable_folding_function,1436.31771085308,1368.9736564566638,1449.2546670877182,1356.0367002220255
27,spectral_normalized_softfold,learnable_folding_function,1434.7279110985846,1356.0367002220255,1447.1647674243961,1343.599843896214
28,principal_component_alignment,learnable_folding_function,1370.6641034498748,1343.599843896214,1385.420263084311,1328.8436842617778
29,distance_dependent_folding,learnable_folding_function,1402.4978234176483,1328.8436842617778,1415.1558399728024,1316.1856677066237
30,learnable_folding_function,input_dependent_hyperplane_combination,1316.1856677066237,1371.9038789262395,1334.7298129242533,1353.3597337086098
31,selective_folding_with_gating,multiple_hyperplanes,1386.7207148927407,1384.5740920442659,1402.6218605151892,1368.6729464218174
32,input_dependent_hyperplane,multiple_hyperplanes,1355.2274245680976,1368.6729464218174,1371.8463048099286,1352.0540661799864
33,affine_prefolding,multiple_hyperplanes,1389.1791335428782,1352.0540661799864,1403.4759383793144,1337.7572613435502
34,batchnorm_aware_softfold,multiple_hyperplanes,1449.2546670877182,1337.7572613435502,1460.2893177535348,1326.7226106777337
35,spectral_normalized_softfold,multiple_hyperplanes,1447.1647674243961,1326.7226106777337,1457.8301995940042,1316.0571785081256
36,multiple_hyperplanes,principal_component_alignment,1316.0571785081256,1385.420263084311,1335.2096938550585,1366.2677477373782
37,distance_dependent_folding,multiple_hyperplanes,1415.1558399728024,1335.2096938550585,1427.5378148947184,1322.8277189331425
38,input_dependent_hyperplane_combination,multiple_hyperplanes,1353.3597337086098,1322.8277189331425,1367.9572907682682,1308.2301618734841
39,selective_folding_with_gating,input_dependent_hyperplane,1402.6218605151892,1371.8463048099286,1417.2082889545518,1357.259876370566
40,selective_folding_with_gating,affine_prefolding,1417.2082889545518,1403.4759383793144,1432.5762199485878,1388.1080073852784
41,batchnorm_aware_softfold,selective_folding_with_gating,1460.2893177535348,1432.5762199485878,1475.0157822086874,1417.8497554934352
42,spectral_normalized_softfold,selective_folding_with_gating,1457.8301995940042,1417.8497554934352,1471.9971160694975,1403.682839017942
43,principal_component_alignment,selective_folding_with_gating,1366.2677477373782,1403.682839017942,1383.9841464745011,1385.966440280819
44,distance_dependent_folding,selective_folding_with_gating,1427.5378148947184,1385.966440280819,1441.6324663885212,1371.8717887870162
45,selective_folding_with_gating,input_dependent_hyperplane_combination,1371.8717887870162,1367.9572907682682,1387.6915271188223,1352.137552436462
46,affine_prefolding,input_dependent_hyperplane,1388.1080073852784,1357.259876370566,1402.6911197567388,1342.6767639991058
47,batchnorm_aware_softfold,input_dependent_hyperplane,1475.0157822086874,1342.6767639991058,1485.1999291074017,1332.4926171003915
48,spectral_normalized_softfold,input_dependent_hyperplane,1471.9971160694975,1332.4926171003915,1481.8970504466577,1322.5926827232313
49,principal_component_alignment,input_dependent_hyperplane,1383.9841464745011,1322.5926827232313,1397.1860260709548,1309.3908031267774
50,distance_dependent_folding,input_dependent_hyperplane,1441.6324663885212,1309.3908031267774,1451.8205046778628,1299.2027648374358
51,input_dependent_hyperplane_combination,input_dependent_hyperplane,1352.137552436462,1299.2027648374358,1365.7185043716283,1285.6218129022695
52,batchnorm_aware_softfold,affine_prefolding,1485.1999291074017,1402.6911197567388,1497.4701119985396,1390.4209368656009
53,spectral_normalized_softfold,affine_prefolding,1481.8970504466577,1390.4209368656009,1493.7791359643602,1378.5388513478983
54,affine_prefolding,principal_component_alignment,1378.5388513478983,1397.1860260709548,1395.3967618816082,1380.328115537245
55,distance_dependent_folding,affine_prefolding,1451.8205046778628,1395.3967618816082,1465.2447002935567,1381.9725662659143
56,affine_prefolding,input_dependent_hyperplane_combination,1381.9725662659143,1365.7185043716283,1397.224584662545,1350.4664859749976
57,spectral_normalized_softfold,batchnorm_aware_softfold,1493.7791359643602,1497.4701119985396,1509.9491052981512,1481.3001426647486
58,batchnorm_aware_softfold,principal_component_alignment,1481.3001426647486,1380.328115537245,1492.7768442971953,1368.8514139047982
59,distance_dependent_folding,batchnorm_aware_softfold,1465.2447002935567,1492.7768442971953,1482.5099550606965,1475.5115895300555
60,batchnorm_aware_softfold,input_dependent_hyperplane_combination,1475.5115895300555,1350.4664859749976,1485.9894511837613,1339.9886243212918
61,spectral_normalized_softfold,principal_component_alignment,1509.9491052981512,1368.8514139047982,1519.7864448846897,1359.0140743182596
62,spectral_normalized_softfold,distance_dependent_folding,1519.7864448846897,1482.5099550606965,1534.076355797149,1468.220044148237
63,spectral_normalized_softfold,input_dependent_hyperplane_combination,1534.076355797149,1339.9886243212918,1541.9649991004699,1332.099981017971
64,principal_component_alignment,distance_dependent_folding,1359.0140743182596,1468.220044148237,1379.883867728329,1447.3502507381677
65,principal_component_alignment,input_dependent_hyperplane_combination,1379.883867728329,1332.099981017971,1393.6971088372507,1318.2867399090494
66,distance_dependent_folding,input_dependent_hyperplane_combination,1447.3502507381677,1318.2867399090494,1457.665756406881,1307.9712342403361
